Threads,Time1,Time2,Time3,Average
1,78.912673,62.827026,59.550213,67.096637
2,36.303717,36.399372,35.379351,36.027480
3,30.942593,34.608615,47.663270,37.738159
4,43.248915,37.419627,38.748408,39.805650
5,34.710244,36.413098,35.941675,35.688339
6,36.816177,35.734978,32.842038,35.131064
7,33.458575,36.600263,34.544651,34.867829
8,34.330923,35.901139,35.334856,35.188972
